Workbook
Name classe: 'S7-Fr'!$L$74:$L$82
Name tt: 'S7-Fr'!$A$1:$F$18

Sheet S7-Ar
A1: الاستهلاك اليومي للأجهزة الكهربائية
A2: الجهاز | B2: عدد الأجهزة | C2: القدرة بالواط | D2: الساعات في اليوم | E2: الاستهلاك في اليوم (kWh) | F2: الكلفة (بالدرهم)
A3: الثلاجة | B3: 1 | C3: 150 | D3: 24 | E3: ? | F3: ?
A4: التلفاز | B4: 2 | C4: 120 | D4: 6 | E4: ? | F4: ?
A5: الحاسوب | B5: 2 | C5: 300 | D5: 5 | E5: ? | F5: ?
A6: الغسالة | B6: 1 | C6: 2000 | D6: 1 | E6: ? | F6: ?
A7: المكيف | B7: 1 | C7: 1500 | D7: 7 | E7: ? | F7: ?
A8: المصابيح | B8: 10 | C8: 60 | D8: 6 | E8: ? | F8: ?
A9: الشواحن | B9: 4 | C9: 10 | D9: 24 | E9: ? | F9: ?
A11: الاستهلاك الإجمالي في اليوم (kWh) | B11: ? | D11: الاسم الكامل
A12: الاستهلاك الشهري (kWh) | B12: ? | D12: ….............................................
A13: الاستهلاك المتوسط | B13: ? | D13: القسم
A14: الاستهلاك الأقصى | B14: ? | D14: 2/2
A15: الاستهلاك الأدنى | B15: ?
A16: عدد الأجهزة | B16: ?
A17: التكلفة الإجمالية في اليوم بالدرهم | B17: ?
A18: تكلفة الطاقة الشهرية (DH) | B18: ?

Sheet S7-Fr
A1: Consommation quotidienne des appareils
A2: Appareil | B2: Nombre d'appareil | C2: Puissance (W) | D2: Heures / jour | E2: Consommation (kWh) | F2: Coût (DH)
A3: Réfrigérateur | B3: 1 | C3: 150 | D3: 24 | E3: ? | F3: ?
A4: Télévision | B4: 2 | C4: 120 | D4: 6 | E4: ? | F4: ?
A5: Ordinateur | B5: 2 | C5: 300 | D5: 5 | E5: ? | F5: ?
A6: Machine à laver | B6: 1 | C6: 2000 | D6: 1 | E6: ? | F6: ?
A7: Climatiseur | B7: 1 | C7: 1500 | D7: 7 | E7: ? | F7: ?
A8: Lampes | B8: 10 | C8: 60 | D8: 6 | E8: ? | F8: ?
A9: Chargeurs | B9: 4 | C9: 10 | D9: 24 | E9: ? | F9: ?
A11: Consommation totale / jour | C11: ? | E11: Nom complet
A12: Consommation mensuelle | C12: ? | E12: ….............................................
A13: Consommation moyenne | C13: ? | E13: Classe
A14: Consommation maximale | C14: ? | E14: 2/2
A15: Consommation minimale | C15: ?
A16: Nombre d’appareils | C16: ?
A17: Coût total / jour (DH) | C17: ?
A18: Coût énergie mensuel (DH) | C18: ?
L74: 2/1
L75: 2/2
L76: 2/3
L77: 2/4
L78: 2/5
L79: 2/6
L80: 2/7
L81: 2/8
L82: 2/9

Sheet correction
B1: Nom complet | G1: Nom complet
B2: ='S7-Fr'!E12 -> …............................................. | G2: ='S7-Ar'!D12 -> ….............................................
B3: Classe | G3: Classe
B4: ='S7-Fr'!E14 -> 2/2 | G4: ='S7-Ar'!D14 -> 2/2
B5: =TODAY() -> 46055 | G5: =TODAY() -> 46055
B7: Réservée aux correction automatique | G7: Réservée aux correction automatique
B8: Question | C8: note | G8: Question | H8: note
B9: Conso/jour(kWh) | C9: =IFERROR(IF(AND(_xlfn.ISFORMULA('S7-Fr'!E3),'S7-Fr'!E3='S7-Fr'!B3*'S7-Fr'!C3*'S7-Fr'!D3/1000),2,0),"0") -> 0 | G9: الاستهلاك في اليوم (kWh) | H9: =IFERROR(IF(AND(_xlfn.ISFORMULA('S7-Ar'!E3),'S7-Ar'!E3='S7-Ar'!B3*'S7-Ar'!C3*'S7-Ar'!D3/1000),2,0),"0") -> 0
B10: Coût/jour(DH) | C10: =IFERROR(IF(AND(_xlfn.ISFORMULA('S7-Fr'!F3),'S7-Fr'!F3='S7-Fr'!E3*0.9),2,0),"0") -> 0 | G10: الكلفة (بالدرهم) | H10: =IFERROR(IF(AND(_xlfn.ISFORMULA('S7-Ar'!F3),'S7-Ar'!F3='S7-Ar'!E3*0.9),2,0),"0") -> 0
B11: Conso totale/jour(kWh) | C11: =IFERROR(IF(AND(_xlfn.ISFORMULA('S7-Fr'!C11),'S7-Fr'!C11=SUM('S7-Fr'!E3:E9)),2,0),"0") -> 0 | G11: الاستهلاك الإجمالي في اليوم (kWh) | H11: =IFERROR(IF(AND(_xlfn.ISFORMULA('S7-Ar'!B11),'S7-Ar'!B11=SUM('S7-Ar'!E3:E9)),2,0),"0") -> 0
B12: Conso mensuelle(kWh) | C12: =IFERROR(IF(AND(_xlfn.ISFORMULA('S7-Fr'!C12),'S7-Fr'!C12='S7-Fr'!C11*30),2,0),"0") -> 0 | G12: الاستهلاك الشهري (kWh) | H12: =IFERROR(IF(AND(_xlfn.ISFORMULA('S7-Ar'!B12),'S7-Ar'!B12='S7-Ar'!B11*30),2,0),"0") -> 0
B13: Conso moyenne | C13: =IFERROR(IF(AND(_xlfn.ISFORMULA('S7-Fr'!C13),'S7-Fr'!C13=AVERAGE('S7-Fr'!E3:E9)),2,0),"0") -> 0 | G13: الاستهلاك المتوسط | H13: =IFERROR(IF(AND(_xlfn.ISFORMULA('S7-Ar'!B13),'S7-Ar'!B13=AVERAGE('S7-Ar'!E3:E9)),2,0),"0") -> 0
B14: Conso maximale | C14: =IFERROR(IF(AND(_xlfn.ISFORMULA('S7-Fr'!C14),'S7-Fr'!C14=MAX('S7-Fr'!E3:E9)),2,0),"0") -> 0 | G14: الاستهلاك الأقصى | H14: =IFERROR(IF(AND(_xlfn.ISFORMULA('S7-Ar'!B14),'S7-Ar'!B14=MAX('S7-Ar'!E3:E9)),2,0),"0") -> 0
B15: Conso minimale | C15: =IF(AND(_xlfn.ISFORMULA('S7-Fr'!C15),'S7-Fr'!C15=MIN('S7-Fr'!E3:E9)),2,0) -> 0 | G15: الاستهلاك الأدنى | H15: =IF(AND(_xlfn.ISFORMULA('S7-Ar'!B15),'S7-Ar'!B15=MIN('S7-Ar'!E3:E9)),2,0) -> 0
B16: Nombre d’appareils (NB) | C16: =IFERROR(IF(AND(_xlfn.ISFORMULA('S7-Fr'!C16),'S7-Fr'!C16=SUM('S7-Fr'!B3:B9)),2,0),"0") -> 0 | G16: عدد الأجهزة | H16: =IFERROR(IF(AND(_xlfn.ISFORMULA('S7-Ar'!B16),'S7-Ar'!B16=SUM('S7-Ar'!B3:B9)),2,0),"0") -> 0
B17: Coût total / jour (DH) | C17: =IFERROR(IF(AND(_xlfn.ISFORMULA('S7-Fr'!C17),'S7-Fr'!C17=SUM('S7-Fr'!F3:F9)),2,0),"0") -> 0 | G17: التكلفة الإجمالية في اليوم بالدرهم | H17: =IFERROR(IF(AND(_xlfn.ISFORMULA('S7-Ar'!B17),'S7-Ar'!B17=SUM('S7-Ar'!F3:F9)),2,0),"0") -> 0
B18: Coût énergie mensuel (DH) | C18: =IFERROR(IF(AND(_xlfn.ISFORMULA('S7-Fr'!C18),'S7-Fr'!C18='S7-Fr'!C12*30),2,0),"0") -> 0 | G18: تكلفة الطاقة الشهرية (DH) | H18: =IFERROR(IF(AND(_xlfn.ISFORMULA('S7-Ar'!B18),'S7-Ar'!B18='S7-Ar'!B17*30),2,0),"0") -> 0
B19: Note final | C19: =IFERROR(SUM(C9:C18),"0") -> 0 | G19: Note final | H19: =IFERROR(SUM(H9:H18),"0") -> 0
